Real,Imaginary
0.500000,0.000000
0.500000,0.000000
0.500000,0.000000
0.500000,0.000000
0.500000,0.000000
0.500000,0.000000
0.499999,0.000000
0.499999,0.000000
0.499998,0.000000
0.499997,0.000000
0.499995,0.000000
0.499993,0.000000
0.499991,0.000000
0.499987,0.000000
0.499983,0.000000
0.499977,0.000000
0.499971,0.000000
0.499963,0.000000
0.499953,0.000000
0.499942,0.000000
0.499929,0.000000
0.499913,0.000000
0.499896,0.000000
0.499876,0.000000
0.499853,0.000000
0.499827,0.000000
0.499797,0.000000
0.499764,0.000000
0.499728,0.000000
0.499687,0.000000
0.499641,0.000000
0.499591,0.000000
0.499536,0.000000
0.499475,0.000000
0.499409,0.000000
0.499336,0.000000
0.499257,0.000000
0.499172,0.000000
0.499078,0.000000
0.498978,0.000000
0.498869,0.000000
0.498752,0.000000
0.498626,0.000000
0.498491,0.000000
0.498346,0.000000
0.498191,0.000000
0.498025,0.000000
0.497848,0.000000
0.497659,0.000000
0.497458,0.000000
0.497245,0.000000
0.497018,0.000000
0.496778,0.000000
0.496524,0.000000
0.496254,0.000000
0.495970,0.000000
0.495670,0.000000
0.495353,0.000000
0.495019,0.000000
0.494668,0.000000
0.494298,0.000000
0.493910,0.000000
0.493502,0.000000
0.493074,0.000000
0.492625,0.000000
0.492155,0.000000
0.491663,0.000000
0.491148,0.000000
0.490610,0.000000
0.490048,0.000000
0.489461,0.000000
0.488849,0.000000
0.488210,0.000000
0.487545,0.000000
0.486852,0.000000
0.486131,0.000000
0.485381,0.000000
0.484601,0.000000
0.483791,0.000000
0.482949,0.000000
0.482075,0.000000
0.481169,0.000000
0.480229,0.000000
0.479254,0.000000
0.478245,0.000000
0.477199,0.000000
0.476117,0.000000
0.474997,0.000000
0.473839,0.000000
0.472641,0.000000
0.471404,0.000000
0.470126,0.000000
0.468806,0.000000
0.467444,0.000000
0.466038,0.000000
0.464588,0.000000
0.463094,0.000000
0.461553,0.000000
0.459966,0.000000
0.458332,0.000000
0.456649,0.000000
0.454917,0.000000
0.453135,0.000000
0.451302,0.000000
0.449418,0.000000
0.447481,0.000000
0.445491,0.000000
0.443446,0.000000
0.441346,0.000000
0.439191,0.000000
0.436979,0.000000
0.434709,0.000000
0.432381,0.000000
0.429994,0.000000
0.427547,0.000000
0.425039,0.000000
0.422470,0.000000
0.419838,0.000000
0.417143,0.000000
0.414384,0.000000
0.411561,0.000000
0.408672,0.000000
0.405717,0.000000
0.402695,0.000000
0.399605,0.000000
0.396447,0.000000
0.393220,0.000000
0.389924,0.000000
0.386557,0.000000
0.383118,0.000000
0.379609,0.000000
0.376026,0.000000
0.372371,0.000000
0.368642,0.000000
0.364840,0.000000
0.360962,0.000000
0.357009,0.000000
0.352981,0.000000
0.348877,0.000000
0.344695,0.000000
0.340437,0.000000
0.336101,0.000000
0.331687,0.000000
0.327195,0.000000
0.322624,0.000000
0.317974,0.000000
0.313245,0.000000
0.308436,0.000000
0.303548,0.000000
0.298579,0.000000
0.293530,0.000000
0.288401,0.000000
0.283192,0.000000
0.277902,0.000000
0.272532,0.000000
0.267081,0.000000
0.261550,0.000000
0.255938,0.000000
0.250246,0.000000
0.244473,0.000000
0.238621,0.000000
0.232689,0.000000
0.226678,0.000000
0.220588,0.000000
0.214419,0.000000
0.208171,0.000000
0.201846,0.000000
0.195443,0.000000
0.188963,0.000000
0.182407,0.000000
0.175776,0.000000
0.169070,0.000000
0.162289,0.000000
0.155435,0.000000
0.148509,0.000000
0.141511,0.000000
0.134443,0.000000
0.127305,0.000000
0.120098,0.000000
0.112824,0.000000
0.105484,0.000000
0.098079,0.000000
0.090610,0.000000
0.083079,0.000000
0.075487,0.000000
0.067836,0.000000
0.060127,0.000000
0.052362,0.000000
0.044542,0.000000
0.036670,0.000000
0.028747,0.000000
0.020774,0.000000
0.012754,0.000000
0.004690,0.000000
-0.003418,0.000000
-0.011567,0.000000
-0.019755,0.000000
-0.027979,0.000000
-0.036238,0.000000
-0.044528,0.000000
-0.052847,0.000000
-0.061194,0.000000
-0.069564,0.000000
-0.077956,0.000000
-0.086367,0.000000
-0.094794,0.000000
-0.103234,0.000000
-0.111684,0.000000
-0.120142,0.000000
-0.128603,0.000000
-0.137066,0.000000
-0.145527,0.000000
-0.153982,0.000000
-0.162428,0.000000
-0.170862,0.000000
-0.179281,0.000000
-0.187680,0.000000
-0.196057,0.000000
-0.204407,0.000000
-0.212728,0.000000
-0.221014,0.000000
-0.229264,0.000000
-0.237471,0.000000
-0.245634,0.000000
-0.253747,0.000000
-0.261807,0.000000
-0.269809,0.000000
-0.277750,0.000000
-0.285625,0.000000
-0.293430,0.000000
-0.301161,0.000000
-0.308814,0.000000
-0.316384,0.000000
-0.323867,0.000000
-0.331258,0.000000
-0.338553,0.000000
-0.345748,0.000000
-0.352838,0.000000
-0.359818,0.000000
-0.366685,0.000000
-0.373432,0.000000
-0.380057,0.000000
-0.386553,0.000000
-0.392918,0.000000
-0.399145,0.000000
-0.405231,0.000000
-0.411170,0.000000
-0.416958,0.000000
-0.422591,0.000000
-0.428064,0.000000
-0.433372,0.000000
-0.438511,0.000000
-0.443476,0.000000
-0.448263,0.000000
-0.452866,0.000000
-0.457282,0.000000
-0.461507,0.000000
-0.465535,0.000000
-0.469362,0.000000
-0.472985,0.000000
-0.476398,0.000000
-0.479598,0.000000
-0.482581,0.000000
-0.485341,0.000000
-0.487877,0.000000
-0.490182,0.000000
-0.492254,0.000000
-0.494089,0.000000
-0.495683,0.000000
-0.497032,0.000000
-0.498134,0.000000
-0.498984,0.000000
-0.499580,0.000000
-0.499917,0.000000
-0.499994,0.000000
-0.499808,0.000000
-0.499354,0.000000
-0.498631,0.000000
-0.497637,0.000000
-0.496369,0.000000
-0.494824,0.000000
-0.493001,0.000000
-0.490897,0.000000
-0.488512,0.000000
-0.485843,0.000000
-0.482889,0.000000
-0.479648,0.000000
-0.476121,0.000000
-0.472305,0.000000
-0.468200,0.000000
-0.463806,0.000000
-0.459123,0.000000
-0.454150,0.000000
-0.448888,0.000000
-0.443337,0.000000
-0.437497,0.000000
-0.431370,0.000000
-0.424956,0.000000
-0.418257,0.000000
-0.411274,0.000000
-0.404009,0.000000
-0.396465,0.000000
-0.388642,0.000000
-0.380545,0.000000
-0.372175,0.000000
-0.363535,0.000000
-0.354630,0.000000
-0.345461,0.000000
-0.336034,0.000000
-0.326352,0.000000
-0.316420,0.000000
-0.306241,0.000000
-0.295822,0.000000
-0.285167,0.000000
-0.274281,0.000000
-0.263170,0.000000
-0.251840,0.000000
-0.240298,0.000000
-0.228549,0.000000
-0.216601,0.000000
-0.204461,0.000000
-0.192135,0.000000
-0.179631,0.000000
-0.166958,0.000000
-0.154123,0.000000
-0.141135,0.000000
-0.128001,0.000000
-0.114732,0.000000
-0.101336,0.000000
-0.087822,0.000000
-0.074200,0.000000
-0.060481,0.000000
-0.046673,0.000000
-0.032787,0.000000
-0.018834,0.000000
-0.004825,0.000000
0.009231,0.000000
0.023320,0.000000
0.037433,0.000000
0.051558,0.000000
0.065683,0.000000
0.079796,0.000000
0.093885,0.000000
0.107938,0.000000
0.121943,0.000000
0.135887,0.000000
0.149758,0.000000
0.163544,0.000000
0.177230,0.000000
0.190805,0.000000
0.204255,0.000000
0.217568,0.000000
0.230731,0.000000
0.243730,0.000000
0.256552,0.000000
0.269184,0.000000
0.281614,0.000000
0.293828,0.000000
0.305813,0.000000
0.317555,0.000000
0.329043,0.000000
0.340263,0.000000
0.351202,0.000000
0.361848,0.000000
0.372188,0.000000
0.382210,0.000000
0.391901,0.000000
0.401250,0.000000
0.410245,0.000000
0.418873,0.000000
0.427124,0.000000
0.434986,0.000000
0.442449,0.000000
0.449501,0.000000
0.456132,0.000000
0.462333,0.000000
0.468094,0.000000
0.473404,0.000000
0.478256,0.000000
0.482640,0.000000
0.486548,0.000000
0.489973,0.000000
0.492907,0.000000
0.495343,0.000000
0.497275,0.000000
0.498696,0.000000
0.499601,0.000000
0.499986,0.000000
0.499845,0.000000
0.499175,0.000000
0.497972,0.000000
0.496234,0.000000
0.493958,0.000000
0.491143,0.000000
0.487787,0.000000
0.483891,0.000000
0.479454,0.000000
0.474478,0.000000
0.468963,0.000000
0.462912,0.000000
0.456329,0.000000
0.449215,0.000000
0.441576,0.000000
0.433417,0.000000
0.424743,0.000000
0.415560,0.000000
0.405875,0.000000
0.395696,0.000000
0.385031,0.000000
0.373890,0.000000
0.362282,0.000000
0.350217,0.000000
0.337708,0.000000
0.324765,0.000000
0.311402,0.000000
0.297631,0.000000
0.283466,0.000000
0.268923,0.000000
0.254016,0.000000
0.238762,0.000000
0.223177,0.000000
0.207278,0.000000
0.191082,0.000000
0.174610,0.000000
0.157879,0.000000
0.140908,0.000000
0.123720,0.000000
0.106332,0.000000
0.088768,0.000000
0.071049,0.000000
0.053196,0.000000
0.035233,0.000000
0.017182,0.000000
-0.000934,0.000000
-0.019090,0.000000
-0.037262,0.000000
-0.055427,0.000000
-0.073559,0.000000
-0.091635,0.000000
-0.109628,0.000000
-0.127513,0.000000
-0.145266,0.000000
-0.162861,0.000000
-0.180271,0.000000
-0.197473,0.000000
-0.214439,0.000000
-0.231146,0.000000
-0.247567,0.000000
-0.263677,0.000000
-0.279451,0.000000
-0.294864,0.000000
-0.309892,0.000000
-0.324510,0.000000
-0.338695,0.000000
-0.352423,0.000000
-0.365671,0.000000
-0.378415,0.000000
-0.390635,0.000000
-0.402309,0.000000
-0.413414,0.000000
-0.423932,0.000000
-0.433843,0.000000
-0.443127,0.000000
-0.451767,0.000000
-0.459745,0.000000
-0.467044,0.000000
-0.473650,0.000000
-0.479547,0.000000
-0.484722,0.000000
-0.489162,0.000000
-0.492856,0.000000
-0.495792,0.000000
-0.497962,0.000000
-0.499357,0.000000
-0.499969,0.000000
-0.499794,0.000000
-0.498826,0.000000
-0.497062,0.000000
-0.494500,0.000000
-0.491138,0.000000
-0.486978,0.000000
-0.482020,0.000000
-0.476269,0.000000
-0.469728,0.000000
-0.462404,0.000000
-0.454304,0.000000
-0.445436,0.000000
-0.435810,0.000000
-0.425439,0.000000
-0.414335,0.000000
-0.402511,0.000000
-0.389985,0.000000
-0.376772,0.000000
-0.362892,0.000000
-0.348364,0.000000
-0.333209,0.000000
-0.317450,0.000000
-0.301110,0.000000
-0.284215,0.000000
-0.266791,0.000000
-0.248866,0.000000
-0.230467,0.000000
-0.211625,0.000000
-0.192371,0.000000
-0.172736,0.000000
-0.152755,0.000000
-0.132460,0.000000
-0.111886,0.000000
-0.091070,0.000000
-0.070048,0.000000
-0.048858,0.000000
-0.027536,0.000000
-0.006122,0.000000
0.015345,0.000000
0.036826,0.000000
0.058280,0.000000
0.079667,0.000000
0.100946,0.000000
0.122077,0.000000
0.143019,0.000000
0.163731,0.000000
0.184171,0.000000
0.204299,0.000000
0.224075,0.000000
0.243458,0.000000
0.262409,0.000000
0.280887,0.000000
0.298855,0.000000
0.316273,0.000000
0.333105,0.000000
0.349314,0.000000
0.364865,0.000000
0.379722,0.000000
0.393852,0.000000
0.407222,0.000000
0.419802,0.000000
0.431561,0.000000
0.442471,0.000000
0.452505,0.000000
0.461637,0.000000
0.469845,0.000000
0.477105,0.000000
0.483397,0.000000
0.488704,0.000000
0.493008,0.000000
0.496295,0.000000
0.498552,0.000000
0.499770,0.000000
0.499940,0.000000
0.499055,0.000000
0.497111,0.000000
0.494108,0.000000
0.490046,0.000000
0.484928,0.000000
0.478758,0.000000
0.471545,0.000000
0.463299,0.000000
0.454032,0.000000
0.443759,0.000000
0.432496,0.000000
0.420265,0.000000
0.407085,0.000000
0.392982,0.000000
0.377982,0.000000
0.362114,0.000000
0.345409,0.000000
0.327900,0.000000
0.309621,0.000000
0.290612,0.000000
0.270910,0.000000
0.250557,0.000000
0.229597,0.000000
0.208075,0.000000
0.186036,0.000000
0.163531,0.000000
0.140607,0.000000
0.117317,0.000000
0.093713,0.000000
0.069849,0.000000
0.045780,0.000000
0.021562,0.000000
-0.002749,0.000000
-0.027096,0.000000
-0.051420,0.000000
-0.075662,0.000000
-0.099765,0.000000
-0.123670,0.000000
-0.147317,0.000000
-0.170647,0.000000
-0.193603,0.000000
-0.216127,0.000000
-0.238159,0.000000
-0.259645,0.000000
-0.280528,0.000000
-0.300753,0.000000
-0.320267,0.000000
-0.339018,0.000000
-0.356954,0.000000
-0.374026,0.000000
-0.390188,0.000000
-0.405393,0.000000
-0.419598,0.000000
-0.432763,0.000000
-0.444848,0.000000
-0.455817,0.000000
-0.465636,0.000000
-0.474274,0.000000
-0.481703,0.000000
-0.487898,0.000000
-0.492836,0.000000
-0.496498,0.000000
-0.498869,0.000000
-0.499936,0.000000
-0.499689,0.000000
-0.498123,0.000000
-0.495236,0.000000
-0.491028,0.000000
-0.485505,0.000000
-0.478674,0.000000
-0.470549,0.000000
-0.461144,0.000000
-0.450479,0.000000
-0.438577,0.000000
-0.425464,0.000000
-0.411170,0.000000
-0.395728,0.000000
-0.379177,0.000000
-0.361555,0.000000
-0.342907,0.000000
-0.323279,0.000000
-0.302722,0.000000
-0.281289,0.000000
-0.259034,0.000000
-0.236018,0.000000
-0.212302,0.000000
-0.187949,0.000000
-0.163025,0.000000
-0.137599,0.000000
-0.111740,0.000000
-0.085522,0.000000
-0.059018,0.000000
-0.032302,0.000000
-0.005452,0.000000
0.021456,0.000000
0.048344,0.000000
0.075132,0.000000
0.101743,0.000000
0.128096,0.000000
0.154114,0.000000
0.179717,0.000000
0.204829,0.000000
0.229371,0.000000
0.253268,0.000000
0.276445,0.000000
0.298830,0.000000
0.320352,0.000000
0.340941,0.000000
0.360532,0.000000
0.379059,0.000000
0.396462,0.000000
0.412682,0.000000
0.427664,0.000000
0.441356,0.000000
0.453711,0.000000
0.464684,0.000000
0.474235,0.000000
0.482327,0.000000
0.488929,0.000000
0.494013,0.000000
0.497557,0.000000
0.499542,0.000000
0.499955,0.000000
0.498789,0.000000
0.496038,0.000000
0.491706,0.000000
0.485799,0.000000
0.478328,0.000000
0.469312,0.000000
0.458771,0.000000
0.446735,0.000000
0.433234,0.000000
0.418306,0.000000
0.401994,0.000000
0.384346,0.000000
0.365412,0.000000
0.345250,0.000000
0.323921,0.000000
0.301491,0.000000
0.278028,0.000000
0.253608,0.000000
0.228306,0.000000
0.202205,0.000000
0.175388,0.000000
0.147942,0.000000
0.119958,0.000000
0.091528,0.000000
0.062746,0.000000
0.033710,0.000000
0.004517,0.000000
-0.024734,0.000000
-0.053941,0.000000
-0.083004,0.000000
-0.111822,0.000000
-0.140295,0.000000
-0.168321,0.000000
-0.195801,0.000000
-0.222636,0.000000
-0.248730,0.000000
-0.273988,0.000000
-0.298318,0.000000
-0.321628,0.000000
-0.343833,0.000000
-0.364849,0.000000
-0.384595,0.000000
-0.402997,0.000000
-0.419981,0.000000
-0.435481,0.000000
-0.449435,0.000000
-0.461787,0.000000
-0.472484,0.000000
-0.481480,0.000000
-0.488737,0.000000
-0.494219,0.000000
-0.497900,0.000000
-0.499759,0.000000
-0.499780,0.000000
-0.497958,0.000000
-0.494289,0.000000
-0.488781,0.000000
-0.481447,0.000000
-0.472306,0.000000
-0.461385,0.000000
-0.448718,0.000000
-0.434346,0.000000
-0.418315,0.000000
-0.400680,0.000000
-0.381501,0.000000
-0.360845,0.000000
-0.338785,0.000000
-0.315399,0.000000
-0.290773,0.000000
-0.264995,0.000000
-0.238160,0.000000
-0.210369,0.000000
-0.181725,0.000000
-0.152336,0.000000
-0.122314,0.000000
-0.091774,0.000000
-0.060833,0.000000
-0.029612,0.000000
0.001767,0.000000
0.033181,0.000000
0.064506,0.000000
0.095616,0.000000
0.126386,0.000000
0.156693,0.000000
0.186413,0.000000
0.215424,0.000000
0.243606,0.000000
0.270843,0.000000
0.297020,0.000000
0.322028,0.000000
0.345758,0.000000
0.368110,0.000000
0.388987,0.000000
0.408296,0.000000
0.425954,0.000000
0.441879,0.000000
0.456000,0.000000
0.468251,0.000000
0.478574,0.000000
0.486918,0.000000
0.493240,0.000000
0.497507,0.000000
0.499692,0.000000
0.499778,0.000000
0.497757,0.000000
0.493628,0.000000
0.487402,0.000000
0.479096,0.000000
0.468739,0.000000
0.456366,0.000000
0.442023,0.000000
0.425763,0.000000
0.407650,0.000000
0.387755,0.000000
0.366157,0.000000
0.342943,0.000000
0.318209,0.000000
0.292056,0.000000
0.264593,0.000000
0.235936,0.000000
0.206207,0.000000
0.175532,0.000000
0.144043,0.000000
0.111877,0.000000
0.079174,0.000000
0.046078,0.000000
0.012735,0.000000
-0.020706,0.000000
-0.054097,0.000000
-0.087286,0.000000
-0.120124,0.000000
-0.152460,0.000000
-0.184146,0.000000
-0.215035,0.000000
-0.244985,0.000000
-0.273854,0.000000
-0.301507,0.000000
-0.327813,0.000000
-0.352644,0.000000
-0.375882,0.000000
-0.397413,0.000000
-0.417130,0.000000
-0.434937,0.000000
-0.450742,0.000000
-0.464464,0.000000
-0.476032,0.000000
-0.485383,0.000000
-0.492466,0.000000
-0.497238,0.000000
-0.499668,0.000000
-0.499738,0.000000
-0.497436,0.000000
-0.492767,0.000000
-0.485743,0.000000
-0.476389,0.000000
-0.464743,0.000000
-0.450851,0.000000
-0.434772,0.000000
-0.416576,0.000000
-0.396343,0.000000
-0.374165,0.000000
-0.350142,0.000000
-0.324384,0.000000
-0.297012,0.000000
-0.268153,0.000000
-0.237944,0.000000
-0.206528,0.000000
-0.174057,0.000000
-0.140687,0.000000
-0.106581,0.000000
-0.071905,0.000000
-0.036830,0.000000
-0.001529,0.000000
0.033821,0.000000
0.069043,0.000000
0.103960,0.000000
0.138394,0.000000
0.172170,0.000000
0.205115,0.000000
0.237058,0.000000
0.267834,0.000000
0.297281,0.000000
0.325243,0.000000
0.351574,0.000000
0.376131,0.000000
0.398781,0.000000
0.419402,0.000000
0.437880,0.000000
0.454111,0.000000
0.468003,0.000000
0.479476,0.000000
0.488461,0.000000
0.494903,0.000000
0.498759,0.000000
0.499999,0.000000
0.498609,0.000000
0.494585,0.000000
0.487942,0.000000
0.478704,0.000000
0.466912,0.000000
0.452620,0.000000
0.435896,0.000000
0.416821,0.000000
0.395488,0.000000
0.372006,0.000000
0.346493,0.000000
0.319080,0.000000
0.289910,0.000000
0.259134,0.000000
0.226914,0.000000
0.193422,0.000000
0.158835,0.000000
0.123340,0.000000
0.087128,0.000000
0.050397,0.000000
0.013346,0.000000
-0.023820,0.000000
-0.060897,0.000000
-0.097677,0.000000
-0.133955,0.000000
-0.169527,0.000000
-0.204192,0.000000
-0.237753,0.000000
-0.270018,0.000000
-0.300800,0.000000
-0.329922,0.000000
-0.357213,0.000000
-0.382512,0.000000
-0.405669,0.000000
-0.426545,0.000000
-0.445014,0.000000
-0.460961,0.000000
-0.474288,0.000000
-0.484909,0.000000
-0.492754,0.000000
-0.497769,0.000000
-0.499915,0.000000
-0.499170,0.000000
-0.495529,0.000000
-0.489003,0.000000
-0.479622,0.000000
-0.467431,0.000000
-0.452491,0.000000
-0.434881,0.000000
-0.414697,0.000000
-0.392048,0.000000
-0.367061,0.000000
-0.339875,0.000000
-0.310645,0.000000
-0.279537,0.000000
-0.246732,0.000000
-0.212419,0.000000
-0.176798,0.000000
-0.140079,0.000000
-0.102480,0.000000
-0.064223,0.000000
-0.025538,0.000000
0.013344,0.000000
0.052186,0.000000
0.090753,0.000000
0.128810,0.000000
0.166122,0.000000
0.202459,0.000000
0.237595,0.000000
0.271310,0.000000
0.303394,0.000000
0.333641,0.000000
0.361861,0.000000
0.387871,0.000000
0.411503,0.000000
0.432603,0.000000
0.451031,0.000000
0.466663,0.000000
0.479393,0.000000
0.489131,0.000000
0.495807,0.000000
0.499370,0.000000
0.499786,0.000000
0.497044,0.000000
0.491150,0.000000
0.482132,0.000000
0.470038,0.000000
0.454935,0.000000
0.436910,0.000000
0.416070,0.000000
0.392538,0.000000
0.366459,0.000000
0.337993,0.000000
0.307315,0.000000
0.274617,0.000000
0.240105,0.000000
0.203998,0.000000
0.166526,0.000000
0.127928,0.000000
0.088455,0.000000
0.048361,0.000000
0.007909,0.000000
-0.032637,0.000000
-0.073010,0.000000
-0.112942,0.000000
-0.152167,0.000000
-0.190424,0.000000
-0.227455,0.000000
-0.263010,0.000000
-0.296846,0.000000
-0.328732,0.000000
-0.358449,0.000000
-0.385789,0.000000
-0.410562,0.000000
-0.432594,0.000000
-0.451725,0.000000
-0.467819,0.000000
-0.480757,0.000000
-0.490441,0.000000
-0.496795,0.000000
-0.499765,0.000000
-0.499322,0.000000
-0.495458,0.000000
-0.488188,0.000000
-0.477553,0.000000
-0.463616,0.000000
-0.446463,0.000000
-0.426203,0.000000
-0.402967,0.000000
-0.376908,0.000000
-0.348199,0.000000
-0.317032,0.000000
-0.283618,0.000000
-0.248184,0.000000
-0.210973,0.000000
-0.172241,0.000000
-0.132257,0.000000
-0.091299,0.000000
-0.049655,0.000000
-0.007617,0.000000
0.034516,0.000000
0.076446,0.000000
0.117872,0.000000
0.158497,0.000000
0.198027,0.000000
0.236176,0.000000
0.272664,0.000000
0.307226,0.000000
0.339604,0.000000
0.369559,0.000000
0.396866,0.000000
0.421319,0.000000
0.442732,0.000000
0.460940,0.000000
0.475800,0.000000
0.487193,0.000000
0.495027,0.000000
0.499233,0.000000
0.499769,0.000000
0.496620,0.000000
0.489800,0.000000
0.479348,0.000000
0.465331,0.000000
0.447842,0.000000
0.427003,0.000000
0.402957,0.000000
0.375877,0.000000
0.345956,0.000000
0.313410,0.000000
0.278477,0.000000
0.241413,0.000000
0.202491,0.000000
0.162001,0.000000
0.120244,0.000000
0.077535,0.000000
0.034195,0.000000
-0.009446,0.000000
-0.053058,0.000000
-0.096305,0.000000
-0.138856,0.000000
-0.180381,0.000000
-0.220558,0.000000
-0.259073,0.000000
-0.295625,0.000000
-0.329924,0.000000
-0.361698,0.000000
-0.390693,0.000000
-0.416676,0.000000
-0.439435,0.000000
-0.458783,0.000000
-0.474559,0.000000
-0.486630,0.000000
-0.494889,0.000000
-0.499262,0.000000
-0.499702,0.000000
-0.496195,0.000000
-0.488758,0.000000
-0.477439,0.000000
-0.462315,0.000000
-0.443498,0.000000
-0.421127,0.000000
-0.395370,0.000000
-0.366425,0.000000
-0.334515,0.000000
-0.299887,0.000000
-0.262813,0.000000
-0.223585,0.000000
-0.182515,0.000000
-0.139929,0.000000
-0.096168,0.000000
-0.051586,0.000000
-0.006543,0.000000
0.038596,0.000000
0.083460,0.000000
0.127683,0.000000
0.170900,0.000000
0.212753,0.000000
0.252894,0.000000
0.290986,0.000000
0.326709,0.000000
0.359762,0.000000
0.389862,0.000000
0.416751,0.000000
0.440197,0.000000
0.459994,0.000000
0.475968,0.000000
0.487973,0.000000
0.495899,0.000000
0.499667,0.000000
0.499235,0.000000
0.494595,0.000000
0.485774,0.000000
0.472836,0.000000
0.455878,0.000000
0.435035,0.000000
0.410472,0.000000
0.382389,0.000000
0.351017,0.000000
0.316614,0.000000
0.279468,0.000000
0.239889,0.000000
0.198212,0.000000
0.154790,0.000000
0.109993,0.000000
0.064205,0.000000
0.017820,0.000000
-0.028761,0.000000
-0.075135,0.000000
-0.120895,0.000000
-0.165642,0.000000
-0.208981,0.000000
-0.250530,0.000000
-0.289918,0.000000
-0.326794,0.000000
-0.360827,0.000000
-0.391708,0.000000
-0.419157,0.000000
-0.442921,0.000000
-0.462781,0.000000
-0.478548,0.000000
-0.490071,0.000000
-0.497238,0.000000
-0.499972,0.000000
-0.498237,0.000000
-0.492036,0.000000
-0.481413,0.000000
-0.466453,0.000000
-0.447279,0.000000
-0.424052,0.000000
-0.396971,0.000000
-0.366273,0.000000
-0.332225,0.000000
-0.295128,0.000000
-0.255313,0.000000
-0.213135,0.000000
-0.168973,0.000000
-0.123226,0.000000
-0.076310,0.000000
-0.028652,0.000000
0.019310,0.000000
0.067137,0.000000
0.114386,0.000000
0.160617,0.000000
0.205402,0.000000
0.248319,0.000000
0.288965,0.000000
0.326956,0.000000
0.361930,0.000000
0.393552,0.000000
0.421518,0.000000
0.445557,0.000000
0.465431,0.000000
0.480943,0.000000
0.491936,0.000000
0.498295,0.000000
0.499946,0.000000
0.496863,0.000000
0.489061,0.000000
0.476604,0.000000
0.459599,0.000000
0.438194,0.000000
0.412584,0.000000
0.383004,0.000000
0.349726,0.000000
0.313061,0.000000
0.273353,0.000000
0.230977,0.000000
0.186335,0.000000
0.139853,0.000000
0.091977,0.000000
0.043169,0.000000
-0.006101,0.000000
-0.055353,0.000000
-0.104107,0.000000
-0.151885,0.000000
-0.198217,0.000000
-0.242646,0.000000
-0.284729,0.000000
-0.324047,0.000000
-0.360206,0.000000
-0.392841,0.000000
-0.421620,0.000000
-0.446249,0.000000
-0.466472,0.000000
-0.482078,0.000000
-0.492899,0.000000
-0.498816,0.000000
-0.499757,0.000000
-0.495701,0.000000
-0.486675,0.000000
-0.472758,0.000000
-0.454076,0.000000
-0.430808,0.000000
-0.403175,0.000000
-0.371446,0.000000
-0.335932,0.000000
-0.296983,0.000000
-0.254987,0.000000
-0.210363,0.000000
-0.163559,0.000000
-0.115048,0.000000
-0.065320,0.000000
-0.014883,0.000000
0.035748,0.000000
0.086054,0.000000
0.135516,0.000000
0.183622,0.000000
0.229872,0.000000
0.273783,0.000000
0.314896,0.000000
0.352775,0.000000
0.387020,0.000000
0.417265,0.000000
0.443185,0.000000
0.464499,0.000000
0.480972,0.000000
0.492420,0.000000
0.498710,0.000000
0.499764,0.000000
0.495558,0.000000
0.486122,0.000000
0.471545,0.000000
0.451968,0.000000
0.427586,0.000000
0.398646,0.000000
0.365445,0.000000
0.328325,0.000000
0.287675,0.000000
0.243918,0.000000
0.197516,0.000000
0.148960,0.000000
0.098766,0.000000
0.047469,0.000000
-0.004380,0.000000
-0.056223,0.000000
-0.107501,0.000000
-0.157656,0.000000
-0.206143,0.000000
-0.252431,0.000000
-0.296011,0.000000
-0.336402,0.000000
-0.373156,0.000000
-0.405863,0.000000
-0.434154,0.000000
-0.457708,0.000000
-0.476257,0.000000
-0.489584,0.000000
-0.497529,0.000000
-0.499992,0.000000
-0.496933,0.000000
-0.488373,0.000000
-0.474392,0.000000
-0.455135,0.000000
-0.430801,0.000000
-0.401650,0.000000
-0.367997,0.000000
-0.330205,0.000000
-0.288689,0.000000
-0.243904,0.000000
-0.196347,0.000000
-0.146544,0.000000
-0.095052,0.000000
-0.042448,0.000000
0.010678,0.000000
0.063724,0.000000
0.116089,0.000000
0.167178,0.000000
0.216407,0.000000
0.263210,0.000000
0.307049,0.000000
0.347415,0.000000
0.383838,0.000000
0.415892,0.000000
0.443200,0.000000
0.465434,0.000000
0.482329,0.000000
0.493676,0.000000
0.499332,0.000000
0.499218,0.000000
0.493322,0.000000
0.481698,0.000000
0.464469,0.000000
0.441821,0.000000
0.414007,0.000000
0.381339,0.000000
0.344187,0.000000
0.302977,0.000000
0.258182,0.000000
0.210320,0.000000
0.159948,0.000000
0.107652,0.000000
0.054046,0.000000
-0.000240,0.000000
-0.054565,0.000000
-0.108285,0.000000
-0.160760,0.000000
-0.211364,0.000000
-0.259490,0.000000
-0.304557,0.000000
-0.346020,0.000000
-0.383376,0.000000
-0.416167,0.000000
-0.443988,0.000000
-0.466495,0.000000
-0.483403,0.000000
-0.494497,0.000000
-0.499629,0.000000
-0.498723,0.000000
-0.491776,0.000000
-0.478860,0.000000
-0.460117,0.000000
-0.435763,0.000000
-0.406080,0.000000
-0.371420,0.000000
-0.332194,0.000000
-0.288873,0.000000
-0.241978,0.000000
-0.192078,0.000000
-0.139778,0.000000
-0.085717,0.000000
-0.030559,0.000000
0.025018,0.000000
0.080327,0.000000
0.134683,0.000000
0.187408,0.000000
0.237844,0.000000
0.285359,0.000000
0.329352,0.000000
0.369267,0.000000
0.404597,0.000000
0.434887,0.000000
0.459748,0.000000
0.478854,0.000000
0.491953,0.000000
0.498867,0.000000
0.499493,0.000000
0.493810,0.000000
0.481877,0.000000
0.463830,0.000000
0.439884,0.000000
0.410331,0.000000
0.375535,0.000000
0.335927,0.000000
0.292002,0.000000
0.244313,0.000000
0.193460,0.000000
0.140090,0.000000
0.084883,0.000000
0.028543,0.000000
-0.028206,0.000000
-0.084633,0.000000
-0.140008,0.000000
-0.193613,0.000000
-0.244749,0.000000
-0.292748,0.000000
-0.336979,0.000000
-0.376858,0.000000
-0.411856,0.000000
-0.441506,0.000000
-0.465408,0.000000
-0.483236,0.000000
-0.494745,0.000000
-0.499768,0.000000
-0.498226,0.000000
-0.490125,0.000000
-0.475556,0.000000
-0.454699,0.000000
-0.427815,0.000000
-0.395248,0.000000
-0.357416,0.000000
-0.314811,0.000000
-0.267988,0.000000
-0.217563,0.000000
-0.164200,0.000000
-0.108606,0.000000
-0.051518,0.000000
0.006300,0.000000
0.064076,0.000000
0.121032,0.000000
0.176401,0.000000
0.229434,0.000000
0.279409,0.000000
0.325645,0.000000
0.367508,0.000000
0.404421,0.000000
0.435873,0.000000
0.461425,0.000000
0.480715,0.000000
0.493468,0.000000
0.499496,0.000000
0.498701,0.000000
0.491081,0.000000
0.476724,0.000000
0.455814,0.000000
0.428623,0.000000
0.395513,0.000000
0.356928,0.000000
0.313388,0.000000
0.265485,0.000000
0.213873,0.000000
0.159260,0.000000
0.102397,0.000000
0.044070,0.000000
-0.014912,0.000000
-0.073727,0.000000
-0.131555,0.000000
-0.187584,0.000000
-0.241026,0.000000
-0.291126,0.000000
-0.337174,0.000000
-0.378513,0.000000
-0.414552,0.000000
-0.444770,0.000000
-0.468730,0.000000
-0.486078,0.000000
-0.496556,0.000000
-0.499999,0.000000
-0.496345,0.000000
-0.485631,0.000000
-0.467994,0.000000
-0.443671,0.000000
-0.412995,0.000000
-0.376393,0.000000
-0.334375,0.000000
-0.287532,0.000000
-0.236529,0.000000
-0.182088,0.000000
-0.124988,0.000000
-0.066046,0.000000
-0.006109,0.000000
0.053957,0.000000
0.113284,0.000000
0.171010,0.000000
0.226292,0.000000
0.278322,0.000000
0.326335,0.000000
0.369623,0.000000
0.407544,0.000000
0.439532,0.000000
0.465107,0.000000
0.483879,0.000000
0.495561,0.000000
0.499964,0.000000
0.497009,0.000000
0.486725,0.000000
0.469249,0.000000
0.444822,0.000000
0.413794,0.000000
0.376611,0.000000
0.333811,0.000000
0.286020,0.000000
0.233939,0.000000
0.178335,0.000000
0.120031,0.000000
0.059893,0.000000
-0.001182,0.000000
-0.062281,0.000000
-0.122487,0.000000
-0.180892,0.000000
-0.236616,0.000000
-0.288811,0.000000
-0.336684,0.000000
-0.379501,0.000000
-0.416605,0.000000
-0.447422,0.000000
-0.471471,0.000000
-0.488373,0.000000
-0.497856,0.000000
-0.499761,0.000000
-0.494044,0.000000
-0.480776,0.000000
-0.460145,0.000000
-0.432452,0.000000
-0.398107,0.000000
-0.357625,0.000000
-0.311615,0.000000
-0.260776,0.000000
-0.205881,0.000000
-0.147771,0.000000
-0.087336,0.000000
-0.025509,0.000000
0.036755,0.000000
0.098490,0.000000
0.158735,0.000000
0.216549,0.000000
0.271027,0.000000
0.321311,0.000000
0.366606,0.000000
0.406194,0.000000
0.439444,0.000000
0.465819,0.000000
0.484893,0.000000
0.496350,0.000000
0.499994,0.000000
0.495754,0.000000
0.483679,0.000000
0.463945,0.000000
0.436850,0.000000
0.402809,0.000000
0.362348,0.000000
0.316099,0.000000
0.264785,0.000000
0.209216,0.000000
0.150270,0.000000
0.088883,0.000000
0.026032,0.000000
-0.037277,0.000000
-0.100029,0.000000
-0.161215,0.000000
-0.219847,0.000000
-0.274975,0.000000
-0.325702,0.000000
-0.371201,0.000000
-0.410724,0.000000
-0.443620,0.000000
-0.469341,0.000000
-0.487458,0.000000
-0.497658,0.000000
-0.499761,0.000000
-0.493718,0.000000
-0.479609,0.000000
-0.457650,0.000000
-0.428186,0.000000
-0.391685,0.000000
-0.348731,0.000000
-0.300018,0.000000
-0.246337,0.000000
-0.188563,0.000000
-0.127640,0.000000
-0.064569,0.000000
-0.000389,0.000000
0.063839,0.000000
0.127050,0.000000
0.188191,0.000000
0.246244,0.000000
0.300234,0.000000
0.349254,0.000000
0.392476,0.000000
0.429166,0.000000
0.458697,0.000000
0.480562,0.000000
0.494377,0.000000
0.499896,0.000000
0.497009,0.000000
0.485750,0.000000
0.466290,0.000000
0.438944,0.000000
0.404159,0.000000
0.362509,0.000000
0.314687,0.000000
0.261493,0.000000
0.203821,0.000000
0.142644,0.000000
0.078997,0.000000
0.013961,0.000000
-0.051354,0.000000
-0.115833,0.000000
-0.178368,0.000000
-0.237885,0.000000
-0.293355,0.000000
-0.343817,0.000000
-0.388392,0.000000
-0.426301,0.000000
-0.456877,0.000000
-0.479578,0.000000
-0.493995,0.000000
-0.499863,0.000000
-0.497064,0.000000
-0.485631,0.000000
-0.465745,0.000000
-0.437737,0.000000
-0.402080,0.000000
-0.359381,0.000000
-0.310374,0.000000
-0.255904,0.000000
-0.196916,0.000000
-0.134437,0.000000
-0.069556,0.000000
-0.003411,0.000000
0.062836,0.000000
0.128016,0.000000
0.190976,0.000000
0.250600,0.000000
0.305826,0.000000
0.355666,0.000000
0.399226,0.000000
0.435721,0.000000
0.464487,0.000000
0.484997,0.000000
0.496872,0.000000
0.499881,0.000000
0.493955,0.000000
0.479183,0.000000
0.455814,0.000000
0.424250,0.000000
0.385043,0.000000
0.338885,0.000000
0.286594,0.000000
0.229102,0.000000
0.167438,0.000000
0.102707,0.000000
0.036078,0.000000
-0.031247,0.000000
-0.098046,0.000000
-0.163105,0.000000
-0.225237,0.000000
-0.283304,0.000000
-0.336241,0.000000
-0.383069,0.000000
-0.422923,0.000000
-0.455060,0.000000
-0.478876,0.000000
-0.493919,0.000000
-0.499895,0.000000
-0.496680,0.000000
-0.484314,0.000000
-0.463009,0.000000
-0.433141,0.000000
-0.395248,0.000000
-0.350016,0.000000
-0.298269,0.000000
-0.240956,0.000000
-0.179132,0.000000
-0.113938,0.000000
-0.046582,0.000000
0.021683,0.000000
0.089586,0.000000
0.155854,0.000000
0.219247,0.000000
0.278570,0.000000
0.332702,0.000000
0.380618,0.000000
0.421405,0.000000
0.454282,0.000000
0.478614,0.000000
0.493927,0.000000
0.499915,0.000000
0.496448,0.000000
0.483573,0.000000
0.461518,0.000000
0.430686,0.000000
0.391646,0.000000
0.345127,0.000000
0.292002,0.000000
0.233273,0.000000
0.170052,0.000000
0.103539,0.000000
0.035004,0.000000
-0.034244,0.000000
-0.102876,0.000000
-0.169571,0.000000
-0.233044,0.000000
-0.292064,0.000000
-0.345485,0.000000
-0.392265,0.000000
-0.431488,0.000000
-0.462381,0.000000
-0.484329,0.000000
-0.496891,0.000000
-0.499805,0.000000
-0.492998,0.000000
-0.476584,0.000000
-0.450867,0.000000
-0.416332,0.000000
-0.373639,0.000000
-0.323607,0.000000
-0.267206,0.000000
-0.205528,0.000000
-0.139778,0.000000
-0.071239,0.000000
-0.001258,0.000000
0.068790,0.000000
0.137521,0.000000
0.203576,0.000000
0.265644,0.000000
0.322486,0.000000
0.372968,0.000000
0.416076,0.000000
0.450938,0.000000
0.476849,0.000000
0.493274,0.000000
0.499870,0.000000
0.496487,0.000000
0.483175,0.000000
0.460184,0.000000
0.427957,0.000000
0.387124,0.000000
0.338490,0.000000
0.283020,0.000000
0.221819,0.000000
0.156110,0.000000
0.087212,0.000000
0.016511,0.000000
-0.054565,0.000000
-0.124578,0.000000
-0.192105,0.000000
-0.255771,0.000000
-0.314276,0.000000
-0.366420,0.000000
-0.411128,0.000000
-0.447477,0.000000
-0.474708,0.000000
-0.492250,0.000000
-0.499726,0.000000
-0.496966,0.000000
-0.484008,0.000000
-0.461100,0.000000
-0.428696,0.000000
-0.387448,0.000000
-0.338189,0.000000
-0.281922,0.000000
-0.219798,0.000000
-0.153092,0.000000
-0.083176,0.000000
-0.011496,0.000000
0.060464,0.000000
0.131209,0.000000
0.199266,0.000000
0.263210,0.000000
0.321703,0.000000
0.373513,0.000000
0.417546,0.000000
0.452866,0.000000
0.478719,0.000000
0.494547,0.000000
0.499998,0.000000
0.494941,0.000000
0.479465,0.000000
0.453876,0.000000
0.418699,0.000000
0.374658,0.000000
0.322670,0.000000
0.263822,0.000000
0.199350,0.000000
0.130611,0.000000
0.059058,0.000000
-0.013791,0.000000
-0.086388,0.000000
-0.157185,0.000000
-0.224668,0.000000
-0.287390,0.000000
-0.344001,0.000000
-0.393279,0.000000
-0.434154,0.000000
-0.465734,0.000000
-0.487326,0.000000
-0.498448,0.000000
-0.498842,0.000000
-0.488481,0.000000
-0.467572,0.000000
-0.436548,0.000000
-0.396062,0.000000
-0.346975,0.000000
-0.290338,0.000000
-0.227367,0.000000
-0.159419,0.000000
-0.087964,0.000000
-0.014554,0.000000
0.059216,0.000000
0.131734,0.000000
0.201414,0.000000
0.266726,0.000000
0.326233,0.000000
0.378619,0.000000
0.422722,0.000000
0.457560,0.000000
0.482349,0.000000
0.496527,0.000000
0.499764,0.000000
0.491969,0.000000
0.473295,0.000000
0.444139,0.000000
0.405128,0.000000
0.357111,0.000000
0.301138,0.000000
0.238441,0.000000
0.170403,0.000000
0.098532,0.000000
0.024423,0.000000
-0.050273,0.000000
-0.123886,0.000000
-0.194768,0.000000
-0.261326,0.000000
-0.322061,0.000000
-0.375599,0.000000
-0.420724,0.000000
-0.456407,0.000000
-0.481829,0.000000
-0.496399,0.000000
-0.499770,0.000000
-0.491847,0.000000
-0.472791,0.000000
-0.443014,0.000000
-0.403175,0.000000
-0.354161,0.000000
-0.297070,0.000000
-0.233189,0.000000
-0.163961,0.000000
-0.090956,0.000000
-0.015835,0.000000
0.059690,0.000000
0.133890,0.000000
0.205065,0.000000
0.271576,0.000000
0.331890,0.000000
0.384610,0.000000
0.428511,0.000000
0.462567,0.000000
0.485977,0.000000
0.498182,0.000000
0.498882,0.000000
0.488043,0.000000
0.465896,0.000000
0.432935,0.000000
0.389909,0.000000
0.337801,0.000000
0.277806,0.000000
0.211311,0.000000
0.139853,0.000000
0.065093,0.000000
-0.011228,0.000000
-0.087328,0.000000
-0.161425,0.000000
-0.231779,0.000000
-0.296732,0.000000
-0.354751,0.000000
-0.404459,0.000000
-0.444672,0.000000
-0.474428,0.000000
-0.493008,0.000000
-0.499954,0.000000
-0.495083,0.000000
-0.478491,0.000000
-0.450553,0.000000
-0.411913,0.000000
-0.363470,0.000000
-0.306361,0.000000
-0.241930,0.000000
-0.171701,0.000000
-0.097339,0.000000
-0.020614,0.000000
0.056646,0.000000
0.132591,0.000000
0.205402,0.000000
0.273326,0.000000
0.334726,0.000000
0.388115,0.000000
0.432196,0.000000
0.465893,0.000000
0.488376,0.000000
0.499085,0.000000
0.497741,0.000000
0.484359,0.000000
0.459242,0.000000
0.422981,0.000000
0.376438,0.000000
0.320726,0.000000
0.257186,0.000000
0.187352,0.000000
0.112915,0.000000
0.035684,0.000000
-0.042459,0.000000
-0.119606,0.000000
-0.193867,0.000000
-0.263418,0.000000
-0.326545,0.000000
-0.381689,0.000000
-0.427481,0.000000
-0.462781,0.000000
-0.486700,0.000000
-0.498633,0.000000
-0.498265,0.000000
-0.485586,0.000000
-0.460889,0.000000
-0.424767,0.000000
-0.378098,0.000000
-0.322022,0.000000
-0.257918,0.000000
-0.187366,0.000000
-0.112114,0.000000
-0.034028,0.000000
0.044947,0.000000
0.122842,0.000000
0.197707,0.000000
0.267663,0.000000
0.330951,0.000000
0.385974,0.000000
0.431335,0.000000
0.465881,0.000000
0.488726,0.000000
0.499274,0.000000
0.497242,0.000000
0.482661,0.000000
0.455878,0.000000
0.417553,0.000000
0.368637,0.000000
0.310354,0.000000
0.244167,0.000000
0.171745,0.000000
0.094919,0.000000
0.015638,0.000000
-0.064083,0.000000
-0.142211,0.000000
-0.216750,0.000000
-0.285788,0.000000
-0.347550,0.000000
-0.400445,0.000000
-0.443101,0.000000
-0.474409,0.000000
-0.493545,0.000000
-0.500000,0.000000
-0.493587,0.000000
-0.474451,0.000000
-0.443066,0.000000
-0.400224,0.000000
-0.347014,0.000000
-0.284797,0.000000
-0.215170,0.000000
-0.139929,0.000000
-0.061016,0.000000
0.019523,0.000000
0.099595,0.000000
0.177115,0.000000
0.250059,0.000000
0.316516,0.000000
0.374739,0.000000
0.423195,0.000000
0.460599,0.000000
0.485954,0.000000
0.498578,0.000000
0.498118,0.000000
0.484567,0.000000
0.458261,0.000000
0.419873,0.000000
0.370396,0.000000
0.311120,0.000000
0.243594,0.000000
0.169593,0.000000
0.091064,0.000000
0.010083,0.000000
-0.071208,0.000000
-0.150648,0.000000
-0.226126,0.000000
-0.295625,0.000000
-0.357285,0.000000
-0.409451,0.000000
-0.450716,0.000000
-0.479961,0.000000
-0.496384,0.000000
-0.499527,0.000000
-0.489286,0.000000
-0.465914,0.000000
-0.430019,0.000000
-0.382547,0.000000
-0.324758,0.000000
-0.258192,0.000000
-0.184631,0.000000
-0.106050,0.000000
-0.024564,0.000000
0.057628,0.000000
0.138300,0.000000
0.215266,0.000000
0.286431,0.000000
0.349853,0.000000
0.403798,0.000000
0.446783,0.000000
0.477620,0.000000
0.495451,0.000000
0.499769,0.000000
0.490435,0.000000
0.467684,0.000000
0.432119,0.000000
0.384695,0.000000
0.326695,0.000000
0.259695,0.000000
0.185524,0.000000
0.106212,0.000000
0.023934,0.000000
-0.059044,0.000000
-0.140434,0.000000
-0.217986,0.000000
-0.289548,0.000000
-0.353132,0.000000
-0.406962,0.000000
-0.449533,0.000000
-0.479644,0.000000
-0.496440,0.000000
-0.499434,0.000000
-0.488522,0.000000
-0.463987,0.000000
-0.426493,0.000000
-0.377069,0.000000
-0.317078,0.000000
-0.248184,0.000000
-0.172303,0.000000
-0.091552,0.000000
-0.008192,0.000000
0.075440,0.000000
0.156991,0.000000
0.234163,0.000000
0.304773,0.000000
0.366821,0.000000
0.418541,0.000000
0.458456,0.000000
0.485419,0.000000
0.498647,0.000000
0.497745,0.000000
0.482717,0.000000
0.453969,0.000000
0.412298,0.000000
0.358872,0.000000
0.295194,0.000000
0.223067,0.000000
0.144536,0.000000
0.061837,0.000000
-0.022672,0.000000
-0.106573,0.000000
-0.187461,0.000000
-0.263010,0.000000
-0.331043,0.000000
-0.389594,0.000000
-0.436963,0.000000
-0.471770,0.000000
-0.492993,0.000000
-0.499998,0.000000
-0.492564,0.000000
-0.470884,0.000000
-0.435563,0.000000
-0.387606,0.000000
-0.328386,0.000000
-0.259603,0.000000
-0.183244,0.000000
-0.101517,0.000000
-0.016796,0.000000
0.068457,0.000000
0.151753,0.000000
0.230659,0.000000
0.302862,0.000000
0.366238,0.000000
0.418920,0.000000
0.459346,0.000000
0.486314,0.000000
0.499011,0.000000
0.497044,0.000000
0.480448,0.000000
0.449691,0.000000
0.405660,0.000000
0.349635,0.000000
0.283253,0.000000
0.208463,0.000000
0.127467,0.000000
0.042654,0.000000
-0.043464,0.000000
-0.128333,0.000000
-0.209430,0.000000
-0.284336,0.000000
-0.350813,0.000000
-0.406866,0.000000
-0.450809,0.000000
-0.481313,0.000000
-0.497445,0.000000
-0.498702,0.000000
-0.485026,0.000000
-0.456805,0.000000
-0.414864,0.000000
-0.360443,0.000000
-0.295161,0.000000
-0.220965,0.000000
-0.140079,0.000000
-0.054931,0.000000
0.031915,0.000000
0.117838,0.000000
0.200240,0.000000
0.276620,0.000000
0.344657,0.000000
0.402276,0.000000
0.447711,0.000000
0.479567,0.000000
0.496854,0.000000
0.499025,0.000000
0.485992,0.000000
0.458132,0.000000
0.416273,0.000000
0.361675,0.000000
0.295989,0.000000
0.221211,0.000000
0.139618,0.000000
0.053704,0.000000
-0.033899,0.000000
-0.120502,0.000000
-0.203439,0.000000
-0.280151,0.000000
-0.348265,0.000000
-0.405669,0.000000
-0.450573,0.000000
-0.481572,0.000000
-0.497688,0.000000
-0.498400,0.000000
-0.483665,0.000000
-0.453917,0.000000
-0.410059,0.000000
-0.353435,0.000000
-0.285787,0.000000
-0.209208,0.000000
-0.126072,0.000000
-0.038963,0.000000
0.049404,0.000000
0.136267,0.000000
0.218908,0.000000
0.294731,0.000000
0.361350,0.000000
0.416662,0.000000
0.458913,0.000000
0.486757,0.000000
0.499297,0.000000
0.496117,0.000000
0.477295,0.000000
0.443402,0.000000
0.395488,0.000000
0.335049,0.000000
0.263979,0.000000
0.184514,0.000000
0.099163,0.000000
0.010625,0.000000
-0.078292,0.000000
-0.164760,0.000000
-0.246026,0.000000
-0.319492,0.000000
-0.382807,0.000000
-0.433934,0.000000
-0.471224,0.000000
-0.493466,0.000000
-0.499925,0.000000
-0.490374,0.000000
-0.465096,0.000000
-0.424881,0.000000
-0.371000,0.000000
-0.305165,0.000000
-0.229479,0.000000
-0.146367,0.000000
-0.058497,0.000000
0.031301,0.000000
0.120130,0.000000
0.205115,0.000000
0.283502,0.000000
0.352742,0.000000
0.410577,0.000000
0.455115,0.000000
0.484890,0.000000
0.498915,0.000000
0.496711,0.000000
0.478326,0.000000
0.444339,0.000000
0.395837,0.000000
0.334384,0.000000
0.261971,0.000000
0.180952,0.000000
0.093969,0.000000
0.003866,0.000000
-0.086404,0.000000
-0.173879,0.000000
-0.255677,0.000000
-0.329100,0.000000
-0.391717,0.000000
-0.441451,0.000000
-0.476641,0.000000
-0.496107,0.000000
-0.499182,0.000000
-0.485743,0.000000
-0.456212,0.000000
-0.411545,0.000000
-0.353205,0.000000
-0.283109,0.000000
-0.203571,0.000000
-0.117225,0.000000
-0.026937,0.000000
0.064291,0.000000
0.153415,0.000000
0.237457,0.000000
0.313601,0.000000
0.379289,0.000000
0.432308,0.000000
0.470863,0.000000
0.493642,0.000000
0.499858,0.000000
0.489279,0.000000
0.462240,0.000000
0.419627,0.000000
0.362855,0.000000
0.293820,0.000000
0.214836,0.000000
0.128557,0.000000
0.037892,0.000000
-0.054097,0.000000
-0.144294,0.000000
-0.229639,0.000000
-0.307227,0.000000
-0.374414,0.000000
-0.428900,0.000000
-0.468813,0.000000
-0.492775,0.000000
-0.499946,0.000000
-0.490059,0.000000
-0.463430,0.000000
-0.420945,0.000000
-0.364037,0.000000
-0.294636,0.000000
-0.215104,0.000000
-0.128156,0.000000
-0.036768,0.000000
0.055924,0.000000
0.146734,0.000000
0.232532,0.000000
0.310354,0.000000
0.377504,0.000000
0.431650,0.000000
0.470902,0.000000
0.493884,0.000000
0.499778,0.000000
0.488356,0.000000
0.459992,0.000000
0.415648,0.000000
0.356842,0.000000
0.285600,0.000000
0.204386,0.000000
0.116016,0.000000
0.023561,0.000000
-0.069757,0.000000
-0.160680,0.000000
-0.246025,0.000000
-0.322798,0.000000
-0.388300,0.000000
-0.440217,0.000000
-0.476712,0.000000
-0.496481,0.000000
-0.498808,0.000000
-0.483587,0.000000
-0.451330,0.000000
-0.403153,0.000000
-0.340733,0.000000
-0.266256,0.000000
-0.182337,0.000000
-0.091932,0.000000
0.001767,0.000000
0.095445,0.000000
0.185779,0.000000
0.269559,0.000000
0.343798,0.000000
0.405846,0.000000
0.453477,0.000000
0.484976,0.000000
0.499198,0.000000
0.495613,0.000000
0.474326,0.000000
0.436073,0.000000
0.382202,0.000000
0.314621,0.000000
0.235734,0.000000
0.148356,0.000000
0.055613,0.000000
-0.039169,0.000000
-0.132583,0.000000
-0.221265,0.000000
-0.302013,0.000000
-0.371905,0.000000
-0.428404,0.000000
-0.469451,0.000000
-0.493541,0.000000
-0.499780,0.000000
-0.487920,0.000000
-0.458366,0.000000
-0.412167,0.000000
-0.350980,0.000000
-0.277008,0.000000
-0.192927,0.000000
-0.101785,0.000000
-0.006894,0.000000
0.088290,0.000000
0.180292,0.000000
0.265746,0.000000
0.341518,0.000000
0.404822,0.000000
0.453322,0.000000
0.485222,0.000000
0.499328,0.000000
0.495100,0.000000
0.472668,0.000000
0.432835,0.000000
0.377045,0.000000
0.307333,0.000000
0.226253,0.000000
0.136785,0.000000
0.042223,0.000000
-0.053941,0.000000
-0.148149,0.000000
-0.236909,0.000000
-0.316921,0.000000
-0.385206,0.000000
-0.439210,0.000000
-0.476907,0.000000
-0.496874,0.000000
-0.498343,0.000000
-0.481237,0.000000
-0.446170,0.000000
-0.394427,0.000000
-0.327921,0.000000
-0.249121,0.000000
-0.160960,0.000000
-0.066731,0.000000
0.030041,0.000000
0.125726,0.000000
0.216730,0.000000
0.299623,0.000000
0.371276,0.000000
0.428976,0.000000
0.470531,0.000000
0.494350,0.000000
0.499512,0.000000
0.485799,0.000000
0.453704,0.000000
0.404419,0.000000
0.339789,0.000000
0.262246,0.000000
0.174717,0.000000
0.080513,0.000000
-0.016792,0.000000
-0.113498,0.000000
-0.205924,0.000000
-0.290539,0.000000
-0.364105,0.000000
-0.423800,0.000000
-0.467324,0.000000
-0.492992,0.000000
-0.499799,0.000000
-0.487459,0.000000
-0.456422,0.000000
-0.407855,0.000000
-0.343601,0.000000
-0.266111,0.000000
-0.178349,0.000000
-0.083681,0.000000
0.014251,0.000000
0.111675,0.000000
0.204829,0.000000
0.290106,0.000000
0.364200,0.000000
0.424229,0.000000
0.467848,0.000000
0.493346,0.000000
0.499711,0.000000
0.486671,0.000000
0.454708,0.000000
0.405042,0.000000
0.339585,0.000000
0.260866,0.000000
0.171941,0.000000
0.076267,0.000000
-0.022427,0.000000
-0.120285,0.000000
-0.213477,0.000000
-0.298346,0.000000
-0.371556,0.000000
-0.430219,0.000000
-0.472013,0.000000
-0.495276,0.000000
-0.499067,0.000000
-0.483215,0.000000
-0.448318,0.000000
-0.395728,0.000000
-0.327500,0.000000
-0.246308,0.000000
-0.155346,0.000000
-0.058199,0.000000
0.041292,0.000000
0.139188,0.000000
0.231604,0.000000
0.314864,0.000000
0.385649,0.000000
0.441129,0.000000
0.479077,0.000000
0.497959,0.000000
0.496999,0.000000
0.476210,0.000000
0.436397,0.000000
0.379129,0.000000
0.306673,0.000000
0.221912,0.000000
0.128225,0.000000
0.029358,0.000000
-0.070728,0.000000
-0.168014,0.000000
-0.258587,0.000000
-0.338794,0.000000
-0.405393,0.000000
-0.455684,0.000000
-0.487617,0.000000
-0.499882,0.000000
-0.491958,0.000000
-0.464140,0.000000
-0.417530,0.000000
-0.353992,0.000000
-0.276080,0.000000
-0.186937,0.000000
-0.090168,0.000000
0.010304,0.000000
0.110398,0.000000
0.206040,0.000000
0.293329,0.000000
0.368695,0.000000
0.429049,0.000000
0.471908,0.000000
0.495499,0.000000
0.498833,0.000000
0.481749,0.000000
0.444921,0.000000
0.389835,0.000000
0.318730,0.000000
0.234505,0.000000
0.140607,0.000000
0.040887,0.000000
-0.060558,0.000000
-0.159548,0.000000
-0.251999,0.000000
-0.334086,0.000000
-0.402407,0.000000
-0.454120,0.000000
-0.487065,0.000000
-0.499855,0.000000
-0.491935,0.000000
-0.463607,0.000000
-0.416024,0.000000
-0.351139,0.000000
-0.271627,0.000000
-0.180780,0.000000
-0.082368,0.000000
0.019518,0.000000
0.120630,0.000000
0.216747,0.000000
0.303846,0.000000
0.378275,0.000000
0.436903,0.000000
0.477255,0.000000
0.497617,0.000000
0.497111,0.000000
0.475733,0.000000
0.434355,0.000000
0.374694,0.000000
0.299238,0.000000
0.211147,0.000000
0.114118,0.000000
0.012236,0.000000
-0.090204,0.000000
-0.188872,0.000000
-0.279592,0.000000
-0.358514,0.000000
-0.422279,0.000000
-0.468166,0.000000
-0.494206,0.000000
-0.499269,0.000000
-0.483115,0.000000
-0.446405,0.000000
-0.390678,0.000000
-0.318283,0.000000
-0.232289,0.000000
-0.136348,0.000000
-0.034545,0.000000
0.068774,0.000000
0.169193,0.000000
0.262409,0.000000
0.344418,0.000000
0.411692,0.000000
0.461326,0.000000
0.491166,0.000000
0.499905,0.000000
0.487144,0.000000
0.453405,0.000000
0.400116,0.000000
0.329553,0.000000
0.244740,0.000000
0.149323,0.000000
0.047413,0.000000
-0.056588,0.000000
-0.158181,0.000000
-0.252960,0.000000
-0.336807,0.000000
-0.406070,0.000000
-0.457723,0.000000
-0.489501,0.000000
-0.499997,0.000000
-0.488728,0.000000
-0.456159,0.000000
-0.403686,0.000000
-0.333574,0.000000
-0.248866,0.000000
-0.153245,0.000000
-0.050883,0.000000
0.053747,0.000000
0.156063,0.000000
0.251576,0.000000
0.336086,0.000000
0.405868,0.000000
0.457837,0.000000
0.489686,0.000000
0.499989,0.000000
0.488265,0.000000
0.455007,0.000000
0.401656,0.000000
0.330545,0.000000
0.244795,0.000000
0.148183,0.000000
0.044973,0.000000
-0.060270,0.000000
-0.162881,0.000000
-0.258305,0.000000
-0.342295,0.000000
-0.411103,0.000000
-0.461652,0.000000
-0.491670,0.000000
-0.499794,0.000000
-0.485638,0.000000
-0.449805,0.000000
-0.393872,0.000000
-0.320314,0.000000
-0.232400,0.000000
-0.134049,0.000000
-0.029655,0.000000
0.076110,0.000000
0.178500,0.000000
0.272915,0.000000
0.355103,0.000000
0.421351,0.000000
0.468660,0.000000
0.494877,0.000000
0.498794,0.000000
0.480209,0.000000
0.439935,0.000000
0.379766,0.000000
0.302400,0.000000
0.211317,0.000000
0.110629,0.000000
0.004886,0.000000
-0.101119,0.000000
-0.202574,0.000000
-0.294864,0.000000
-0.373782,0.000000
-0.435722,0.000000
-0.477841,0.000000
-0.498199,0.000000
-0.495840,0.000000
-0.470845,0.000000
-0.424331,0.000000
-0.358399,0.000000
-0.276043,0.000000
-0.181014,0.000000
-0.077654,0.000000
0.029307,0.000000
0.134964,0.000000
0.234463,0.000000
0.323221,0.000000
0.397144,0.000000
0.452810,0.000000
0.487634,0.000000
0.499985,0.000000
0.489268,0.000000
0.455950,0.000000
0.401546,0.000000
0.328547,0.000000
0.240311,0.000000
0.140908,0.000000
0.034935,0.000000
-0.072700,0.000000
-0.177000,0.000000
-0.273115,0.000000
-0.356564,0.000000
-0.423450,0.000000
-0.470638,0.000000
-0.495906,0.000000
-0.498049,0.000000
-0.476940,0.000000
-0.433540,0.000000
-0.369852,0.000000
-0.288832,0.000000
-0.194256,0.000000
-0.090539,0.000000
0.017463,0.000000
0.124687,0.000000
0.226095,0.000000
0.316912,0.000000
0.392854,0.000000
0.450327,0.000000
0.486604,0.000000
0.499948,0.000000
0.489704,0.000000
0.456329,0.000000
0.401373,0.000000
0.327411,0.000000
0.237923,0.000000
0.137129,0.000000
0.029797,0.000000
-0.078990,0.000000
-0.184067,0.000000
-0.280437,0.000000
-0.363508,0.000000
-0.429311,0.000000
-0.474692,0.000000
-0.497464,0.000000
-0.496517,0.000000
-0.471867,0.000000
-0.424666,0.000000
-0.357145,0.000000
-0.272511,0.000000
-0.174796,0.000000
-0.068669,0.000000
0.040791,0.000000
0.148334,0.000000
0.248794,0.000000
0.337333,0.000000
0.409680,0.000000
0.462333,0.000000
0.492734,0.000000
0.499391,0.000000
0.481957,0.000000
0.441246,0.000000
0.379199,0.000000
0.298792,0.000000
0.203896,0.000000
0.099089,0.000000
-0.010559,0.000000
-0.119736,0.000000
-0.223142,0.000000
-0.315747,0.000000
-0.393037,0.000000
-0.451235,0.000000
-0.487486,0.000000
-0.499998,0.000000
-0.488135,0.000000
-0.452448,0.000000
-0.394653,0.000000
-0.317549,0.000000
-0.224887,0.000000
-0.121183,0.000000
-0.011505,0.000000
0.098777,0.000000
0.204255,0.000000
0.299745,0.000000
0.380545,0.000000
0.442665,0.000000
0.483027,0.000000
0.499621,0.000000
0.491602,0.000000
0.459337,0.000000
0.404392,0.000000
0.329455,0.000000
0.238207,0.000000
0.135144,0.000000
0.025353,0.000000
-0.085735,0.000000
-0.192613,0.000000
-0.289976,0.000000
-0.372978,0.000000
-0.437480,0.000000
-0.480254,0.000000
-0.499147,0.000000
-0.493192,0.000000
-0.462658,0.000000
-0.409041,0.000000
-0.334990,0.000000
-0.244181,0.000000
-0.141135,0.000000
-0.030991,0.000000
0.080745,0.000000
0.188477,0.000000
0.286800,0.000000
0.370771,0.000000
0.436159,0.000000
0.479657,0.000000
0.499054,0.000000
0.493348,0.000000
0.462798,0.000000
0.408916,0.000000
0.334393,0.000000
0.242968,0.000000
0.139238,0.000000
0.028433,0.000000
-0.083851,0.000000
-0.191931,0.000000
-0.290329,0.000000
-0.374046,0.000000
-0.438819,0.000000
-0.481338,0.000000
-0.499420,0.000000
-0.492117,0.000000
-0.459774,0.000000
-0.404009,0.000000
-0.327639,0.000000
-0.234534,0.000000
-0.129427,0.000000
-0.017673,0.000000
0.095025,0.000000
0.202905,0.000000
0.300439,0.000000
0.382621,0.000000
0.445222,0.000000
0.485009,0.000000
0.499915,0.000000
0.489147,0.000000
0.453231,0.000000
0.393986,0.000000
0.314437,0.000000
0.218660,0.000000
0.111575,0.000000
-0.001305,0.000000
-0.114159,0.000000
-0.221155,0.000000
-0.316755,0.000000
-0.395998,0.000000
-0.454764,0.000000
-0.489984,0.000000
-0.499808,0.000000
-0.483696,0.000000
-0.442458,0.000000
-0.378209,0.000000
-0.294266,0.000000
-0.194976,0.000000
-0.085496,0.000000
0.028481,0.000000
0.141013,0.000000
0.246224,0.000000
0.338611,0.000000
0.413330,0.000000
0.466452,0.000000
0.495172,0.000000
0.497961,0.000000
0.474643,0.000000
0.426413,0.000000
0.355777,0.000000
0.266422,0.000000
0.163026,0.000000
0.051014,0.000000
-0.063724,0.000000
-0.175145,0.000000
-0.277369,0.000000
-0.364993,0.000000
-0.433372,0.000000
-0.478873,0.000000
-0.499063,0.000000
-0.492847,0.000000
-0.460526,0.000000
-0.403784,0.000000
-0.325605,0.000000
-0.230115,0.000000
-0.122369,0.000000
-0.008079,0.000000
0.106681,0.000000
0.215803,0.000000
0.313468,0.000000
0.394457,0.000000
0.454431,0.000000
0.490167,0.000000
0.499727,0.000000
0.482575,0.000000
0.439597,0.000000
0.373068,0.000000
0.286528,0.000000
0.184593,0.000000
0.072718,0.000000
-0.043101,0.000000
-0.156645,0.000000
-0.261807,0.000000
-0.352917,0.000000
-0.425056,0.000000
-0.474316,0.000000
-0.498014,0.000000
-0.494846,0.000000
-0.464954,0.000000
-0.409924,0.000000
-0.332706,0.000000
-0.237455,0.000000
-0.129310,0.000000
-0.014118,0.000000
0.101879,0.000000
0.212388,0.000000
0.311401,0.000000
0.393523,0.000000
0.454270,0.000000
0.490313,0.000000
0.499662,0.000000
0.481779,0.000000
0.437611,0.000000
0.369540,0.000000
0.281260,0.000000
0.177574,0.000000
0.064139,0.000000
-0.052847,0.000000
-0.166980,0.000000
-0.271999,0.000000
-0.362133,0.000000
-0.432420,0.000000
-0.478975,0.000000
-0.499216,0.000000
-0.492001,0.000000
-0.457697,0.000000
-0.398166,0.000000
-0.316663,0.000000
-0.217661,0.000000
-0.106609,0.000000
0.010373,0.000000
0.126822,0.000000
0.236295,0.000000
0.332723,0.000000
0.410751,0.000000
0.466033,0.000000
0.495477,0.000000
0.497422,0.000000
0.471730,0.000000
0.419801,0.000000
0.344496,0.000000
0.249985,0.000000
0.141511,0.000000
0.025110,0.000000
-0.092733,0.000000
-0.205439,0.000000
-0.306705,0.000000
-0.390857,0.000000
-0.453168,0.000000
-0.490126,0.000000
-0.499635,0.000000
-0.481131,0.000000
-0.435623,0.000000
-0.365640,0.000000
-0.275087,0.000000
-0.169034,0.000000
-0.053434,0.000000
0.065216,0.000000
0.180231,0.000000
0.285124,0.000000
0.373964,0.000000
0.441718,0.000000
0.484536,0.000000
0.499970,0.000000
0.487118,0.000000
0.446680,0.000000
0.380916,0.000000
0.293530,0.000000
0.189459,0.000000
0.074593,0.000000
-0.044551,0.000000
-0.161202,0.000000
-0.268721,0.000000
-0.360975,0.000000
-0.432692,0.000000
-0.479761,0.000000
-0.499470,0.000000
-0.490666,0.000000
-0.453822,0.000000
-0.391016,0.000000
-0.305814,0.000000
-0.203072,0.000000
-0.088659,0.000000
0.030877,0.000000
0.148682,0.000000
0.257990,0.000000
0.352512,0.000000
0.426797,0.000000
0.476550,0.000000
0.498881,0.000000
0.492474,0.000000
0.457670,0.000000
0.396447,0.000000
0.312313,0.000000
0.210106,0.000000
0.095715,0.000000
-0.024252,0.000000
-0.142856,0.000000
-0.253224,0.000000
-0.348948,0.000000
-0.424459,0.000000
-0.475351,0.000000
-0.498644,0.000000
-0.492954,0.000000
-0.458583,0.000000
-0.397502,0.000000
-0.313241,0.000000
-0.210691,0.000000
-0.095814,0.000000
0.024696,0.000000
0.143804,0.000000
0.254545,0.000000
0.350433,0.000000
0.425839,0.000000
0.476324,0.000000
0.498904,0.000000
0.492225,0.000000
0.456649,0.000000
0.394237,0.000000
0.308630,0.000000
0.204839,0.000000
0.088956,0.000000
-0.032206,0.000000
-0.151511,0.000000
-0.261919,0.000000
-0.356905,0.000000
-0.430842,0.000000
-0.479339,0.000000
-0.499502,0.000000
-0.490107,0.000000
-0.451683,0.000000
-0.386475,0.000000
-0.298324,0.000000
-0.192439,0.000000
-0.075090,0.000000
0.046761,0.000000
0.165873,0.000000
0.275153,0.000000
0.368085,0.000000
0.439112,0.000000
0.483979,0.000000
0.499980,0.000000
0.486131,0.000000
0.443230,0.000000
0.373811,0.000000
0.282002,0.000000
0.173277,0.000000
0.054133,0.000000
-0.068296,0.000000
-0.186668,0.000000
-0.293873,0.000000
-0.383457,0.000000
-0.450018,0.000000
-0.489528,0.000000
-0.499580,0.000000
-0.479540,0.000000
-0.430584,0.000000
-0.355638,0.000000
-0.259198,0.000000
-0.147070,0.000000
-0.026013,0.000000
0.096656,0.000000
0.213517,0.000000
0.317483,0.000000
0.402241,0.000000
0.462631,0.000000
0.494963,0.000000
0.497245,0.000000
0.469307,0.000000
0.412820,0.000000
0.331191,0.000000
0.229366,0.000000
0.113530,0.000000
-0.009267,0.000000
-0.131540,0.000000
-0.245821,0.000000
-0.345119,0.000000
-0.423348,0.000000
-0.475701,0.000000
-0.498946,0.000000
-0.491629,0.000000
-0.454169,0.000000
-0.388834,0.000000
-0.299606,0.000000
-0.191943,0.000000
-0.072446,0.000000
0.051548,0.000000
0.172409,0.000000
0.282690,0.000000
0.375584,0.000000
0.445342,0.000000
0.487636,0.000000
0.499827,0.000000
0.481130,0.000000
0.432673,0.000000
0.357423,0.000000
0.260014,0.000000
0.146460,0.000000
0.023787,0.000000
-0.100403,0.000000
-0.218398,0.000000
-0.322863,0.000000
-0.407288,0.000000
-0.466399,0.000000
-0.496493,0.000000
-0.495665,0.000000
-0.463937,0.000000
-0.403255,0.000000
-0.317381,0.000000
-0.211653,0.000000
-0.092661,0.000000
0.032166,0.000000
0.155021,0.000000
0.268207,0.000000
0.364620,0.000000
0.438197,0.000000
0.484298,0.000000
